"title","start_time","end_time","description","exercise_title","superset_id","exercise_notes","set_index","set_type","weight_kg","reps","distance_km","duration_seconds","rpe"
"Back and Bis","30 Oct 2024, 09:22","30 Oct 2024, 10:58","","Pull Up (Weighted)",,"",0,"normal",,3,,,
"Back and Bis","30 Oct 2024, 09:22","30 Oct 2024, 10:58","","Pull Up (Weighted)",,"",1,"normal",,3,,,
"Back and Bis","30 Oct 2024, 09:22","30 Oct 2024, 10:58","","Pull Up (Weighted)",,"",2,"normal",,2,,,
"Back and Bis","30 Oct 2024, 09:22","30 Oct 2024, 10:58","","Iso-Lateral Row (Machine)",,"",0,"normal",20,14,,,
"Back and Bis","30 Oct 2024, 09:22","30 Oct 2024, 10:58","","Iso-Lateral Row (Machine)",,"",1,"normal",22.5,17,,,
"Back and Bis","30 Oct 2024, 09:22","30 Oct 2024, 10:58","","Iso-Lateral Row (Machine)",,"",2,"normal",23.75,10,,,
"Back and Bis","30 Oct 2024, 09:22","30 Oct 2024, 10:58","","Straight Arm Lat Pulldown (Cable)",,"",0,"normal",45.5,11,,,
"Back and Bis","30 Oct 2024, 09:22","30 Oct 2024, 10:58","","Straight Arm Lat Pulldown (Cable)",,"",1,"normal",45.5,11,,,
"Back and Bis","30 Oct 2024, 09:22","30 Oct 2024, 10:58","","Straight Arm Lat Pulldown (Cable)",,"",2,"normal",40.9,8,,,
"Back and Bis","30 Oct 2024, 09:22","30 Oct 2024, 10:58","","Seated Cable Row - V Grip (Cable)",,"",0,"normal",90.9,4,,,
"Back and Bis","30 Oct 2024, 09:22","30 Oct 2024, 10:58","","Single Arm Curl (Cable)",,"",0,"normal",22.7,10,,,
"Back and Bis","30 Oct 2024, 09:22","30 Oct 2024, 10:58","","Single Arm Curl (Cable)",,"",1,"normal",22.7,12,,,
"Back and Bis","30 Oct 2024, 09:22","30 Oct 2024, 10:58","","Dead Hang",,"",0,"normal",,,,40,
"Back and Bis","30 Oct 2024, 09:22","30 Oct 2024, 10:58","","Dead Hang",,"",1,"normal",,,,45,
"Chest and tris","28 Oct 2024, 14:37","28 Oct 2024, 15:47","","Bench Press (Barbell)",,"",0,"normal",80,3,,,
"Chest and tris","28 Oct 2024, 14:37","28 Oct 2024, 15:47","","Bench Press (Barbell)",,"",1,"normal",80,4,,,
"Chest and tris","28 Oct 2024, 14:37","28 Oct 2024, 15:47","","Bench Press (Barbell)",,"",2,"normal",80,4,,,
"Chest and tris","28 Oct 2024, 14:37","28 Oct 2024, 15:47","","Triceps Dip (Weighted)",,"",0,"normal",15,4,,,
"Chest and tris","28 Oct 2024, 14:37","28 Oct 2024, 15:47","","Triceps Dip (Weighted)",,"",1,"normal",,4,,,
"Chest and tris","28 Oct 2024, 14:37","28 Oct 2024, 15:47","","Lateral Raise (Cable)",,"",0,"normal",18.2,8,,,
"Chest and tris","28 Oct 2024, 14:37","28 Oct 2024, 15:47","","Lateral Raise (Cable)",,"",1,"normal",18.2,6,,,
"Chest and tris","28 Oct 2024, 14:37","28 Oct 2024, 15:47","","Lateral Raise (Cable)",,"",2,"normal",18.2,5,,,
"Chest and tris","28 Oct 2024, 14:37","28 Oct 2024, 15:47","","Lateral Raise (Cable)",,"",3,"normal",10.9,9,,,
"Chest and tris","28 Oct 2024, 14:37","28 Oct 2024, 15:47","","Triceps Rope Pushdown",,"",0,"normal",50,10,,,
"Chest and tris","28 Oct 2024, 14:37","28 Oct 2024, 15:47","","Triceps Rope Pushdown",,"",1,"normal",55,6,,,
"Chest and tris","28 Oct 2024, 14:37","28 Oct 2024, 15:47","","Triceps Rope Pushdown",,"",2,"normal",50,8,,,
"Back","25 Oct 2024, 20:50","25 Oct 2024, 22:06","","Pull Up (Weighted)",,"",0,"normal",,4,,,
"Back","25 Oct 2024, 20:50","25 Oct 2024, 22:06","","Pull Up (Weighted)",,"",1,"normal",,3,,,
"Back","25 Oct 2024, 20:50","25 Oct 2024, 22:06","","Pull Up (Weighted)",,"",2,"normal",,3,,,
"Back","25 Oct 2024, 20:50","25 Oct 2024, 22:06","","Flexion Row (Cable)",,"",0,"normal",40.9,10,,,
"Back","25 Oct 2024, 20:50","25 Oct 2024, 22:06","","Flexion Row (Cable)",,"",1,"normal",50,12,,,
"Back","25 Oct 2024, 20:50","25 Oct 2024, 22:06","","Flexion Row (Cable)",,"",2,"normal",59.1,9,,,
"Back","25 Oct 2024, 20:50","25 Oct 2024, 22:06","","Straight Arm Lat Pulldown (Cable)",,"",0,"normal",45.5,11,,,
"Back","25 Oct 2024, 20:50","25 Oct 2024, 22:06","","Straight Arm Lat Pulldown (Cable)",,"",1,"normal",45.5,10,,,
"Back","25 Oct 2024, 20:50","25 Oct 2024, 22:06","","Straight Arm Lat Pulldown (Cable)",,"",2,"normal",45.5,9,,,
"Chest and Tricep","23 Oct 2024, 19:37","23 Oct 2024, 21:14","","Bench Press (Barbell)",,"",0,"normal",75,5,,,
"Chest and Tricep","23 Oct 2024, 19:37","23 Oct 2024, 21:14","","Bench Press (Barbell)",,"",1,"failure",77.5,4,,,
"Chest and Tricep","23 Oct 2024, 19:37","23 Oct 2024, 21:14","","Bench Press (Barbell)",,"",2,"failure",80,3,,,
"Chest and Tricep","23 Oct 2024, 19:37","23 Oct 2024, 21:14","","Triceps Dip (Weighted)",,"",0,"normal",15,4,,,
"Chest and Tricep","23 Oct 2024, 19:37","23 Oct 2024, 21:14","","Triceps Dip (Weighted)",,"",1,"normal",15,4,,,
"Chest and Tricep","23 Oct 2024, 19:37","23 Oct 2024, 21:14","","Triceps Dip (Weighted)",,"",2,"failure",15,3,,,
"Chest and Tricep","23 Oct 2024, 19:37","23 Oct 2024, 21:14","","Triceps Dip (Weighted)",,"",3,"failure",,6,,,
"Chest and Tricep","23 Oct 2024, 19:37","23 Oct 2024, 21:14","","Incline Bench Press (Dumbbell)",,"",0,"normal",27.5,5,,,
"Chest and Tricep","23 Oct 2024, 19:37","23 Oct 2024, 21:14","","Incline Bench Press (Dumbbell)",,"",1,"normal",25,7,,,
"Chest and Tricep","23 Oct 2024, 19:37","23 Oct 2024, 21:14","","Cable Wrist Curl (Single)",,"",0,"normal",54.5,13,,,
"Chest and Tricep","23 Oct 2024, 19:37","23 Oct 2024, 21:14","","Cable Wrist Curl (Single)",,"",1,"normal",54.4,9,,,
"Chest and Tricep","23 Oct 2024, 19:37","23 Oct 2024, 21:14","","Sideways Wrist Thing (Single)",,"",0,"normal",18.2,3,,,
"Chest and Tricep","23 Oct 2024, 19:37","23 Oct 2024, 21:14","","Sideways Wrist Thing (Single)",,"",1,"normal",18.2,3,,,
"Chest and Tricep","23 Oct 2024, 19:37","23 Oct 2024, 21:14","","Sideways Wrist Thing (Single)",,"",2,"normal",13.6,11,,,
"Chest and Tricep","23 Oct 2024, 19:37","23 Oct 2024, 21:14","","Wrist Pronation (Single)",,"",0,"normal",18.2,12,,,
"Chest and Tricep","23 Oct 2024, 19:37","23 Oct 2024, 21:14","","Wrist Pronation (Single)",,"",1,"normal",18.2,13,,,
"Chest and Tricep","23 Oct 2024, 19:37","23 Oct 2024, 21:14","","Seated Palms Up Wrist Curl",,"",0,"normal",35,6,,,
"Chest and Tricep","23 Oct 2024, 19:37","23 Oct 2024, 21:14","","Seated Palms Up Wrist Curl",,"",1,"normal",35,9,,,
"Chest and Tricep","23 Oct 2024, 19:37","23 Oct 2024, 21:14","","Stair Machine",,"",0,"normal",,,38,480,
"Back","21 Oct 2024, 14:01","21 Oct 2024, 15:39","","Seated Cable Row - Bar Grip",,"",0,"normal",35,10,,,
"Back","21 Oct 2024, 14:01","21 Oct 2024, 15:39","","Seated Cable Row - Bar Grip",,"",1,"normal",75,9,,,
"Back","21 Oct 2024, 14:01","21 Oct 2024, 15:39","","Seated Cable Row - Bar Grip",,"",2,"normal",65,12,,,
"Back","21 Oct 2024, 14:01","21 Oct 2024, 15:39","","Iso-Lateral Row (Machine)",,"",0,"normal",20,12,,,
"Back","21 Oct 2024, 14:01","21 Oct 2024, 15:39","","Iso-Lateral Row (Machine)",,"",1,"normal",27.5,12,,,
"Back","21 Oct 2024, 14:01","21 Oct 2024, 15:39","","Iso-Lateral Row (Machine)",,"",2,"normal",35,8,,,
"Back","21 Oct 2024, 14:01","21 Oct 2024, 15:39","","Straight Arm Lat Pulldown (Cable)",,"",0,"normal",45.5,11,,,
"Back","21 Oct 2024, 14:01","21 Oct 2024, 15:39","","Straight Arm Lat Pulldown (Cable)",,"",1,"normal",45.5,8,,,
"Back","21 Oct 2024, 14:01","21 Oct 2024, 15:39","","Straight Arm Lat Pulldown (Cable)",,"",2,"normal",45.5,11,,,
"Back","21 Oct 2024, 14:01","21 Oct 2024, 15:39","","Straight Arm Lat Pulldown (Cable)",,"",3,"normal",40,6,,,
"Back","21 Oct 2024, 14:01","21 Oct 2024, 15:39","","Single Arm Curl (Cable)",,"",0,"normal",22.7,12,,,
"Back","21 Oct 2024, 14:01","21 Oct 2024, 15:39","","Single Arm Curl (Cable)",,"",1,"normal",22.7,10,,,
"Back","17 Oct 2024, 19:22","17 Oct 2024, 20:38","","Pull Up (Weighted)",,"",0,"normal",,4,,,
"Back","17 Oct 2024, 19:22","17 Oct 2024, 20:38","","Pull Up (Weighted)",,"",1,"normal",,3,,,
"Back","17 Oct 2024, 19:22","17 Oct 2024, 20:38","","Pull Up (Weighted)",,"",2,"normal",,4,,,
"Back","17 Oct 2024, 19:22","17 Oct 2024, 20:38","","Seated Cable Row - V Grip (Cable)",,"",0,"normal",72.2,9,,,
"Back","17 Oct 2024, 19:22","17 Oct 2024, 20:38","","Seated Cable Row - V Grip (Cable)",,"",1,"normal",54.5,13,,,
"Back","17 Oct 2024, 19:22","17 Oct 2024, 20:38","","Seated Cable Row - Bar Wide Grip",,"",0,"normal",54.4,12,,,
"Back","17 Oct 2024, 19:22","17 Oct 2024, 20:38","","Lateral Raise (Cable)",,"",0,"normal",18.2,9,,,
"Back","17 Oct 2024, 19:22","17 Oct 2024, 20:38","","Lateral Raise (Cable)",,"",1,"normal",18.2,8,,,
"Back","17 Oct 2024, 19:22","17 Oct 2024, 20:38","","Lateral Raise (Cable)",,"",2,"failure",18.2,11,,,
"Back","17 Oct 2024, 19:22","17 Oct 2024, 20:38","","Single Arm Cable Row",,"",0,"normal",31.8,8,,,
"Back","17 Oct 2024, 19:22","17 Oct 2024, 20:38","","Bent Over Row (Barbell)",,"",0,"normal",20,10,,,
"Back","17 Oct 2024, 19:22","17 Oct 2024, 20:38","","Bent Over Row (Barbell)",,"",1,"normal",40,6,,,
"Back","17 Oct 2024, 19:22","17 Oct 2024, 20:38","","Single Arm Curl (Cable)",,"",0,"normal",18.2,12,,,
"Back","17 Oct 2024, 19:22","17 Oct 2024, 20:38","","Single Arm Curl (Cable)",,"",1,"normal",22.7,12,,,
"Back","17 Oct 2024, 19:22","17 Oct 2024, 20:38","","Single Arm Curl (Cable)",,"",2,"normal",22.7,11,,,
"Back","17 Oct 2024, 19:22","17 Oct 2024, 20:38","","Straight Arm Lat Pulldown (Cable)",,"",0,"normal",45.5,6,,,
"Back","17 Oct 2024, 19:22","17 Oct 2024, 20:38","","Straight Arm Lat Pulldown (Cable)",,"",1,"normal",59.1,6,,,
"Back","17 Oct 2024, 19:22","17 Oct 2024, 20:38","","Straight Arm Lat Pulldown (Cable)",,"",2,"normal",54.5,4,,,
"Back","17 Oct 2024, 19:22","17 Oct 2024, 20:38","","Straight Arm Lat Pulldown (Cable)",,"",3,"normal",45.5,5,,,
"Chest","15 Oct 2024, 19:36","15 Oct 2024, 21:09","","Bench Press (Dumbbell)",,"",0,"normal",25,8,,,
"Chest","15 Oct 2024, 19:36","15 Oct 2024, 21:09","","Bench Press (Dumbbell)",,"",1,"normal",30,9,,,
"Chest","15 Oct 2024, 19:36","15 Oct 2024, 21:09","","Bench Press (Dumbbell)",,"",2,"failure",30,7,,,
"Chest","15 Oct 2024, 19:36","15 Oct 2024, 21:09","","Triceps Dip (Weighted)",,"",0,"normal",10,6,,,
"Chest","15 Oct 2024, 19:36","15 Oct 2024, 21:09","","Triceps Dip (Weighted)",,"",1,"failure",10,4,,,
"Chest","15 Oct 2024, 19:36","15 Oct 2024, 21:09","","Triceps Dip (Weighted)",,"",2,"normal",,7,,,
"Chest","15 Oct 2024, 19:36","15 Oct 2024, 21:09","","Incline Bench Press (Dumbbell)",,"",0,"normal",25,8,,,
"Chest","15 Oct 2024, 19:36","15 Oct 2024, 21:09","","Incline Bench Press (Dumbbell)",,"",1,"normal",25,5,,,
"Chest","15 Oct 2024, 19:36","15 Oct 2024, 21:09","","Triceps Rope Pushdown",,"",0,"normal",50,8,,,
"Chest","15 Oct 2024, 19:36","15 Oct 2024, 21:09","","Triceps Rope Pushdown",,"",1,"normal",50,6,,,
"Chest","15 Oct 2024, 19:36","15 Oct 2024, 21:09","","Triceps Rope Pushdown",,"",2,"failure",45.5,5,,,
"Back","12 Oct 2024, 13:41","12 Oct 2024, 14:56","","Lat Pulldown (Cable)",,"",0,"normal",55,11,,,
"Back","12 Oct 2024, 13:41","12 Oct 2024, 14:56","","Lat Pulldown (Cable)",,"",1,"normal",65,9,,,
"Back","12 Oct 2024, 13:41","12 Oct 2024, 14:56","","Lat Pulldown (Cable)",,"",2,"normal",55,7,,,
"Back","12 Oct 2024, 13:41","12 Oct 2024, 14:56","","Seated Cable Row - V Grip (Cable)",,"",0,"normal",55,7,,,
"Back","12 Oct 2024, 13:41","12 Oct 2024, 14:56","","Seated Cable Row - V Grip (Cable)",,"",1,"normal",45,6,,,
"Back","12 Oct 2024, 13:41","12 Oct 2024, 14:56","","Seated Cable Row - V Grip (Cable)",,"",2,"normal",45,5,,,
"Back","12 Oct 2024, 13:41","12 Oct 2024, 14:56","","Bicep Curl (Dumbbell)",,"",0,"normal",15,8,,,
"Back","12 Oct 2024, 13:41","12 Oct 2024, 14:56","","Bicep Curl (Dumbbell)",,"",1,"normal",15,8,,,
"Back","12 Oct 2024, 13:41","12 Oct 2024, 14:56","","Bicep Curl (Dumbbell)",,"",2,"normal",15,9,,,
"Up","11 Oct 2024, 20:49","11 Oct 2024, 21:28","","Pull Up (Weighted)",,"",0,"normal",,3,,,
"Up","11 Oct 2024, 20:49","11 Oct 2024, 21:28","","Pull Up (Weighted)",,"",1,"normal",,3,,,
"Up","11 Oct 2024, 20:49","11 Oct 2024, 21:28","","Pull Up (Weighted)",,"",2,"normal",,3,,,
"Up","11 Oct 2024, 20:49","11 Oct 2024, 21:28","","Pull Up (Weighted)",,"",3,"normal",,2,,,
"Up","11 Oct 2024, 20:49","11 Oct 2024, 21:28","","Triceps Dip",,"",0,"normal",,7,,,
"Up","11 Oct 2024, 20:49","11 Oct 2024, 21:28","","Triceps Dip",,"",1,"normal",,5,,,
"Up","11 Oct 2024, 20:49","11 Oct 2024, 21:28","","Triceps Dip",,"",2,"normal",,6,,,
"Up","11 Oct 2024, 20:49","11 Oct 2024, 21:28","","Seated Cable Row - V Grip (Cable)",,"",0,"normal",45.5,7,,,
"Up","11 Oct 2024, 20:49","11 Oct 2024, 21:28","","Seated Cable Row - V Grip (Cable)",,"",1,"normal",68.2,7,,,
"Up","11 Oct 2024, 20:49","11 Oct 2024, 21:28","","Seated Cable Row - V Grip (Cable)",,"",2,"normal",81.8,6,,,
"Upper","28 Sep 2024, 08:11","28 Sep 2024, 09:19","","Bench Press (Barbell)",,"",0,"normal",75,4,,,
"Upper","28 Sep 2024, 08:11","28 Sep 2024, 09:19","","Bench Press (Barbell)",,"",1,"normal",75,6,,,
"Upper","28 Sep 2024, 08:11","28 Sep 2024, 09:19","","Pull Up (Weighted)",,"",0,"normal",10,2,,,
"Upper","28 Sep 2024, 08:11","28 Sep 2024, 09:19","","Pull Up (Weighted)",,"",1,"normal",,4,,,
"Upper","28 Sep 2024, 08:11","28 Sep 2024, 09:19","","Pull Up (Weighted)",,"",2,"normal",,4,,,
"Upper","28 Sep 2024, 08:11","28 Sep 2024, 09:19","","Pull Up (Weighted)",,"",3,"normal",,3,,,
"Upper","28 Sep 2024, 08:11","28 Sep 2024, 09:19","","Pull Up (Weighted)",,"",4,"normal",,2,,,
"Upper","28 Sep 2024, 08:11","28 Sep 2024, 09:19","","Pull Up (Weighted)",,"",5,"normal",,4,,,
"Upper","28 Sep 2024, 08:11","28 Sep 2024, 09:19","","Triceps Dip (Weighted)",,"",0,"normal",15,5,,,
"Upper","28 Sep 2024, 08:11","28 Sep 2024, 09:19","","Triceps Dip (Weighted)",,"",1,"normal",15,6,,,
"Upper","28 Sep 2024, 08:11","28 Sep 2024, 09:19","","Leg Raise Parallel Bars",,"",0,"normal",,12,,,
"Upper","28 Sep 2024, 08:11","28 Sep 2024, 09:19","","Leg Raise Parallel Bars",,"",1,"normal",,8,,,
"Upper","28 Sep 2024, 08:11","28 Sep 2024, 09:19","","Leg Raise Parallel Bars",,"",2,"normal",,8,,,
"Chest","21 Sep 2024, 20:15","21 Sep 2024, 21:16","","Bench Press (Barbell)",,"",0,"normal",72.5,6,,,
"Chest","21 Sep 2024, 20:15","21 Sep 2024, 21:16","","Bench Press (Barbell)",,"",1,"normal",72.5,6,,,
"Chest","21 Sep 2024, 20:15","21 Sep 2024, 21:16","","Bench Press (Barbell)",,"",2,"failure",72.5,7,,,
"Chest","21 Sep 2024, 20:15","21 Sep 2024, 21:16","","Triceps Dip (Weighted)",,"",0,"normal",15,5,,,
"Chest","21 Sep 2024, 20:15","21 Sep 2024, 21:16","","Triceps Dip (Weighted)",,"",1,"normal",15,5,,,
"Chest","21 Sep 2024, 20:15","21 Sep 2024, 21:16","","Triceps Dip (Weighted)",,"",2,"normal",10,4,,,
"Chest","21 Sep 2024, 20:15","21 Sep 2024, 21:16","","Triceps Extension (Cable)",,"",0,"normal",40.9,10,,,
"Chest","21 Sep 2024, 20:15","21 Sep 2024, 21:16","","Triceps Extension (Cable)",,"",1,"normal",40.9,9,,,
"Chest","21 Sep 2024, 20:15","21 Sep 2024, 21:16","","Triceps Extension (Cable)",,"",2,"normal",40.9,6,,,
"Chest","21 Sep 2024, 20:15","21 Sep 2024, 21:16","","Lateral Raise (Cable)",,"",0,"normal",18.2,8,,,
"Chest","21 Sep 2024, 20:15","21 Sep 2024, 21:16","","Lateral Raise (Cable)",,"",1,"normal",18.2,8,,,
"Back","18 Sep 2024, 11:48","18 Sep 2024, 13:39","","T Bar Row",,"",0,"normal",30,10,,,
"Back","18 Sep 2024, 11:48","18 Sep 2024, 13:39","","T Bar Row",,"",1,"normal",50,8,,,
"Back","18 Sep 2024, 11:48","18 Sep 2024, 13:39","","T Bar Row",,"",2,"normal",50,6,,,
"Back","18 Sep 2024, 11:48","18 Sep 2024, 13:39","","Lat Pulldown (Cable)",,"",0,"normal",77.3,7,,,
"Back","18 Sep 2024, 11:48","18 Sep 2024, 13:39","","Lat Pulldown (Cable)",,"",1,"normal",77.3,8,,,
"Back","18 Sep 2024, 11:48","18 Sep 2024, 13:39","","Lat Pulldown (Cable)",,"",2,"normal",72.7,9,,,
"Back","18 Sep 2024, 11:48","18 Sep 2024, 13:39","","Single Arm Curl (Cable)",,"",0,"normal",27.3,10,,,
"Back","18 Sep 2024, 11:48","18 Sep 2024, 13:39","","Single Arm Curl (Cable)",,"",1,"normal",27.3,10,,,
"Back","18 Sep 2024, 11:48","18 Sep 2024, 13:39","","Single Arm Curl (Cable)",,"",2,"failure",31.8,7,,,
"Back","18 Sep 2024, 11:48","18 Sep 2024, 13:39","","Lat Pulldown (Machine)",,"",0,"normal",30,8,,,
"Back","18 Sep 2024, 11:48","18 Sep 2024, 13:39","","Lat Pulldown (Machine)",,"",1,"normal",30,7,,,
"Back","18 Sep 2024, 11:48","18 Sep 2024, 13:39","","Lat Pulldown (Machine)",,"",2,"normal",35,9,,,
"Chest and tricep","16 Sep 2024, 19:30","16 Sep 2024, 21:07","","Bench Press (Barbell)",,"",0,"normal",72.5,5,,,
"Chest and tricep","16 Sep 2024, 19:30","16 Sep 2024, 21:07","","Bench Press (Barbell)",,"",1,"normal",72.5,4,,,
"Chest and tricep","16 Sep 2024, 19:30","16 Sep 2024, 21:07","","Bench Press (Barbell)",,"",2,"failure",72.5,7,,,
"Chest and tricep","16 Sep 2024, 19:30","16 Sep 2024, 21:07","","Triceps Dip (Weighted)",,"",0,"normal",15,6,,,
"Chest and tricep","16 Sep 2024, 19:30","16 Sep 2024, 21:07","","Triceps Dip (Weighted)",,"",1,"normal",15,7,,,
"Chest and tricep","16 Sep 2024, 19:30","16 Sep 2024, 21:07","","Triceps Dip (Weighted)",,"",2,"failure",15,4,,,
"Chest and tricep","16 Sep 2024, 19:30","16 Sep 2024, 21:07","","Triceps Dip (Weighted)",,"",3,"normal",,10,,,
"Chest and tricep","16 Sep 2024, 19:30","16 Sep 2024, 21:07","","Incline Bench Press (Dumbbell)",,"",0,"failure",27.5,5,,,
"Chest and tricep","16 Sep 2024, 19:30","16 Sep 2024, 21:07","","Incline Bench Press (Dumbbell)",,"",1,"failure",27.5,6,,,
"Chest and tricep","16 Sep 2024, 19:30","16 Sep 2024, 21:07","","Butterfly (Pec Deck)",,"",0,"failure",70,4,,,
"Chest and tricep","16 Sep 2024, 19:30","16 Sep 2024, 21:07","","Butterfly (Pec Deck)",,"",1,"failure",62.5,5,,,
"Chest and tricep","16 Sep 2024, 19:30","16 Sep 2024, 21:07","","Triceps Extension (Cable)",,"",0,"normal",40.9,8,,,
"Chest and tricep","16 Sep 2024, 19:30","16 Sep 2024, 21:07","","Triceps Extension (Cable)",,"",1,"normal",40.9,8,,,
"Chest and tricep","16 Sep 2024, 19:30","16 Sep 2024, 21:07","","Triceps Extension (Cable)",,"",2,"failure",40.9,6,,,
"Arms","15 Sep 2024, 16:52","15 Sep 2024, 18:02","","Bicep Curl (Dumbbell)",,"",0,"normal",17.5,10,,,
"Arms","15 Sep 2024, 16:52","15 Sep 2024, 18:02","","Bicep Curl (Dumbbell)",,"",1,"failure",17.5,11,,,
"Arms","15 Sep 2024, 16:52","15 Sep 2024, 18:02","","Triceps Dip (Weighted)",,"",0,"normal",10,6,,,
"Arms","15 Sep 2024, 16:52","15 Sep 2024, 18:02","","Triceps Dip (Weighted)",,"",1,"normal",10,6,,,
"Arms","15 Sep 2024, 16:52","15 Sep 2024, 18:02","","Triceps Dip (Weighted)",,"",2,"normal",12.5,6,,,
"Arms","15 Sep 2024, 16:52","15 Sep 2024, 18:02","","Lateral Raise (Dumbbell)",,"",0,"normal",12.5,10,,,
"Arms","15 Sep 2024, 16:52","15 Sep 2024, 18:02","","Lateral Raise (Dumbbell)",,"",1,"failure",12.5,10,,,
"Morning workout ‚òÄÔ∏è","13 Sep 2024, 06:24","13 Sep 2024, 08:20","","Pull Up (Weighted)",,"",0,"normal",10,4,,,
"Morning workout ‚òÄÔ∏è","13 Sep 2024, 06:24","13 Sep 2024, 08:20","","Pull Up (Weighted)",,"",1,"normal",10,4,,,
"Morning workout ‚òÄÔ∏è","13 Sep 2024, 06:24","13 Sep 2024, 08:20","","Pull Up (Weighted)",,"",2,"failure",10,3,,,
"Morning workout ‚òÄÔ∏è","13 Sep 2024, 06:24","13 Sep 2024, 08:20","","Seated Cable Row - V Grip (Cable)",,"",0,"normal",81.8,8,,,
"Morning workout ‚òÄÔ∏è","13 Sep 2024, 06:24","13 Sep 2024, 08:20","","Seated Cable Row - V Grip (Cable)",,"",1,"failure",90.1,6,,,
"Morning workout ‚òÄÔ∏è","13 Sep 2024, 06:24","13 Sep 2024, 08:20","","Standing Calf Raise (Smith)",,"",0,"normal",90,14,,,
"Morning workout ‚òÄÔ∏è","13 Sep 2024, 06:24","13 Sep 2024, 08:20","","Standing Calf Raise (Smith)",,"",1,"normal",90,10,,,
"Morning workout ‚òÄÔ∏è","13 Sep 2024, 06:24","13 Sep 2024, 08:20","","Standing Calf Raise (Smith)",,"",2,"failure",90,14,,,
"Legs","11 Sep 2024, 19:39","11 Sep 2024, 21:13","","Hack Squat (Machine)",,"",0,"normal",60,14,,,
"Legs","11 Sep 2024, 19:39","11 Sep 2024, 21:13","","Hack Squat (Machine)",,"",1,"normal",70,5,,,
"Legs","11 Sep 2024, 19:39","11 Sep 2024, 21:13","","Hack Squat (Machine)",,"",2,"failure",60,8,,,
"Legs","11 Sep 2024, 19:39","11 Sep 2024, 21:13","","Standing Calf Raise (Smith)",,"",0,"normal",90,11,,,
"Legs","11 Sep 2024, 19:39","11 Sep 2024, 21:13","","Standing Calf Raise (Smith)",,"",1,"normal",90,10,,,
"Legs","11 Sep 2024, 19:39","11 Sep 2024, 21:13","","Standing Calf Raise (Smith)",,"",2,"normal",90,15,,,
"Legs","11 Sep 2024, 19:39","11 Sep 2024, 21:13","","Standing Calf Raise (Smith)",,"",3,"failure",90,14,,,
"Legs","11 Sep 2024, 19:39","11 Sep 2024, 21:13","","Hip Thrust (Barbell)",,"",0,"normal",70,10,,,
"Legs","11 Sep 2024, 19:39","11 Sep 2024, 21:13","","Hip Thrust (Barbell)",,"",1,"normal",70,10,,,
"Legs","11 Sep 2024, 19:39","11 Sep 2024, 21:13","","Hip Thrust (Barbell)",,"",2,"failure",70,11,,,
"Legs","11 Sep 2024, 19:39","11 Sep 2024, 21:13","","Leg Extension (Machine)",,"",0,"normal",100,9,,,
"Legs","11 Sep 2024, 19:39","11 Sep 2024, 21:13","","Leg Extension (Machine)",,"",1,"failure",100,10,,,
"Chest and Tricep","9 Sep 2024, 13:47","9 Sep 2024, 14:45","","Bench Press (Dumbbell)",,"",0,"normal",35,4,,,
"Chest and Tricep","9 Sep 2024, 13:47","9 Sep 2024, 14:45","","Bench Press (Dumbbell)",,"",1,"failure",32.5,4,,,
"Chest and Tricep","9 Sep 2024, 13:47","9 Sep 2024, 14:45","","Triceps Dip (Weighted)",,"",0,"normal",10,6,,,
"Chest and Tricep","9 Sep 2024, 13:47","9 Sep 2024, 14:45","","Triceps Dip (Weighted)",,"",1,"normal",10,5,,,
"Chest and Tricep","9 Sep 2024, 13:47","9 Sep 2024, 14:45","","Triceps Dip (Weighted)",,"",2,"normal",10,4,,,
"Chest and Tricep","9 Sep 2024, 13:47","9 Sep 2024, 14:45","","Triceps Extension (Cable)",,"",0,"normal",50,6,,,
"Chest and Tricep","9 Sep 2024, 13:47","9 Sep 2024, 14:45","","Triceps Extension (Cable)",,"",1,"failure",45.5,8,,,
"Back","8 Sep 2024, 13:07","8 Sep 2024, 15:16","","Deadlift (Barbell)",,"",0,"normal",30,5,,,
"Back","8 Sep 2024, 13:07","8 Sep 2024, 15:16","","Deadlift (Barbell)",,"",1,"normal",60,5,,,
"Back","8 Sep 2024, 13:07","8 Sep 2024, 15:16","","Deadlift (Barbell)",,"",2,"normal",100,4,,,
"Back","8 Sep 2024, 13:07","8 Sep 2024, 15:16","","Deadlift (Barbell)",,"",3,"normal",100,6,,,
"Back","8 Sep 2024, 13:07","8 Sep 2024, 15:16","","Pull Up (Weighted)",,"",0,"normal",10,4,,,
"Back","8 Sep 2024, 13:07","8 Sep 2024, 15:16","","Pull Up (Weighted)",,"",1,"normal",10,4,,,
"Back","8 Sep 2024, 13:07","8 Sep 2024, 15:16","","Pull Up (Weighted)",,"",2,"failure",10,3,,,
"Back","8 Sep 2024, 13:07","8 Sep 2024, 15:16","","Single Arm Curl (Cable)",,"",0,"normal",27.3,8,,,
"Back","8 Sep 2024, 13:07","8 Sep 2024, 15:16","","Single Arm Curl (Cable)",,"",1,"normal",27.3,9,,,
"Back","8 Sep 2024, 13:07","8 Sep 2024, 15:16","","Single Arm Curl (Cable)",,"",2,"failure",27.3,9,,,
"Back","8 Sep 2024, 13:07","8 Sep 2024, 15:16","","Seated Cable Row - V Grip (Cable)",,"",0,"normal",81.8,6,,,
"Back","8 Sep 2024, 13:07","8 Sep 2024, 15:16","","Seated Cable Row - V Grip (Cable)",,"",1,"failure",81.8,6,,,
"Back","8 Sep 2024, 13:07","8 Sep 2024, 15:16","","Back Extension (Weighted Hyperextension)",,"",0,"normal",20,8,,,
"Back","8 Sep 2024, 13:07","8 Sep 2024, 15:16","","Back Extension (Weighted Hyperextension)",,"",1,"normal",,12,,,
"Deadlift","4 Sep 2024, 20:27","4 Sep 2024, 21:31","","Deadlift (Barbell)",,"",0,"normal",30,5,,,
"Deadlift","4 Sep 2024, 20:27","4 Sep 2024, 21:31","","Deadlift (Barbell)",,"",1,"normal",30,8,,,
"Deadlift","4 Sep 2024, 20:27","4 Sep 2024, 21:31","","Deadlift (Barbell)",,"",2,"normal",40,8,,,
"Deadlift","4 Sep 2024, 20:27","4 Sep 2024, 21:31","","Deadlift (Barbell)",,"",3,"normal",40,10,,,
"Deadlift","4 Sep 2024, 20:27","4 Sep 2024, 21:31","","Deadlift (Barbell)",,"",4,"normal",50,5,,,
"Deadlift","4 Sep 2024, 20:27","4 Sep 2024, 21:31","","Deadlift (Barbell)",,"",5,"normal",60,1,,,
"Deadlift","4 Sep 2024, 20:27","4 Sep 2024, 21:31","","Deadlift (Barbell)",,"",6,"normal",60,3,,,
"Deadlift","4 Sep 2024, 20:27","4 Sep 2024, 21:31","","Deadlift (Barbell)",,"",7,"normal",60,2,,,
"Deadlift","4 Sep 2024, 20:27","4 Sep 2024, 21:31","","Deadlift (Barbell)",,"",8,"normal",60,5,,,
"Deadlift","4 Sep 2024, 20:27","4 Sep 2024, 21:31","","Deadlift (Barbell)",,"",9,"normal",80,1,,,
"Deadlift","4 Sep 2024, 20:27","4 Sep 2024, 21:31","","Deadlift (Barbell)",,"",10,"normal",100,1,,,
"Deadlift","4 Sep 2024, 20:27","4 Sep 2024, 21:31","","Deadlift (Barbell)",,"",11,"normal",110,1,,,
"Deadlift","4 Sep 2024, 20:27","4 Sep 2024, 21:31","","Deadlift (Barbell)",,"",12,"normal",120,1,,,
"Deadlift","4 Sep 2024, 20:27","4 Sep 2024, 21:31","","Deadlift (Barbell)",,"",13,"normal",120,1,,,
"Chest and Tricep","3 Sep 2024, 19:25","3 Sep 2024, 21:05","","Bench Press (Dumbbell)",,"",0,"normal",25,5,,,
"Chest and Tricep","3 Sep 2024, 19:25","3 Sep 2024, 21:05","","Bench Press (Dumbbell)",,"",1,"normal",35,5,,,
"Chest and Tricep","3 Sep 2024, 19:25","3 Sep 2024, 21:05","","Bench Press (Dumbbell)",,"",2,"failure",35,4,,,
"Chest and Tricep","3 Sep 2024, 19:25","3 Sep 2024, 21:05","","Triceps Dip (Weighted)",,"",0,"normal",10,5,,,
"Chest and Tricep","3 Sep 2024, 19:25","3 Sep 2024, 21:05","","Triceps Dip (Weighted)",,"",1,"normal",10,5,,,
"Chest and Tricep","3 Sep 2024, 19:25","3 Sep 2024, 21:05","","Triceps Dip (Weighted)",,"",2,"failure",10,7,,,
"Chest and Tricep","3 Sep 2024, 19:25","3 Sep 2024, 21:05","","Triceps Rope Pushdown",,"",0,"failure",50,7,,,
"Chest and Tricep","3 Sep 2024, 19:25","3 Sep 2024, 21:05","","Triceps Rope Pushdown",,"",1,"normal",50,6,,,
"Chest and Tricep","3 Sep 2024, 19:25","3 Sep 2024, 21:05","","Triceps Rope Pushdown",,"",2,"failure",50,7,,,
"Chest and Tricep","3 Sep 2024, 19:25","3 Sep 2024, 21:05","","Incline Bench Press (Dumbbell)",,"",0,"normal",27.5,5,,,
"Chest and Tricep","3 Sep 2024, 19:25","3 Sep 2024, 21:05","","Incline Bench Press (Dumbbell)",,"",1,"failure",27.5,7,,,
"Legs","1 Sep 2024, 20:14","1 Sep 2024, 21:36","","Hack Squat (Machine)",,"",0,"normal",60,7,,,
"Legs","1 Sep 2024, 20:14","1 Sep 2024, 21:36","","Hack Squat (Machine)",,"",1,"normal",50,10,,,
"Legs","1 Sep 2024, 20:14","1 Sep 2024, 21:36","","Hack Squat (Machine)",,"",2,"failure",50,9,,,
"Legs","1 Sep 2024, 20:14","1 Sep 2024, 21:36","","Standing Calf Raise (Smith)",,"",0,"normal",80,9,,,
"Legs","1 Sep 2024, 20:14","1 Sep 2024, 21:36","","Standing Calf Raise (Smith)",,"",1,"normal",90,10,,,
"Legs","1 Sep 2024, 20:14","1 Sep 2024, 21:36","","Standing Calf Raise (Smith)",,"",2,"normal",90,12,,,
"Legs","1 Sep 2024, 20:14","1 Sep 2024, 21:36","","Leg Extension (Machine)",,"",0,"normal",100,8,,,
"Legs","1 Sep 2024, 20:14","1 Sep 2024, 21:36","","Leg Extension (Machine)",,"",1,"failure",100,9,,,
"Legs","1 Sep 2024, 20:14","1 Sep 2024, 21:36","","Leg Extension (Machine)",,"",2,"failure",100,9,,,
"Chest and Tricep","26 Aug 2024, 13:44","26 Aug 2024, 14:53","","Bench Press (Barbell)",,"",0,"normal",70,5,,,
"Chest and Tricep","26 Aug 2024, 13:44","26 Aug 2024, 14:53","","Bench Press (Barbell)",,"",1,"normal",70,5,,,
"Chest and Tricep","26 Aug 2024, 13:44","26 Aug 2024, 14:53","","Bench Press (Barbell)",,"",2,"normal",70,6,,,
"Chest and Tricep","26 Aug 2024, 13:44","26 Aug 2024, 14:53","","Triceps Dip",,"",0,"normal",,8,,,
"Chest and Tricep","26 Aug 2024, 13:44","26 Aug 2024, 14:53","","Triceps Dip",,"",1,"failure",,6,,,
"Chest and Tricep","26 Aug 2024, 13:44","26 Aug 2024, 14:53","","Triceps Rope Pushdown",,"",0,"normal",45.5,8,,,
"Chest and Tricep","26 Aug 2024, 13:44","26 Aug 2024, 14:53","","Triceps Rope Pushdown",,"",1,"failure",50,5,,,
"Chest and Tricep","26 Aug 2024, 13:44","26 Aug 2024, 14:53","","Incline Bench Press (Dumbbell)",,"",0,"normal",30,7,,,
"Chest and Tricep","26 Aug 2024, 13:44","26 Aug 2024, 14:53","","Incline Bench Press (Dumbbell)",,"",1,"failure",30,7,,,
"Legs","25 Aug 2024, 19:07","25 Aug 2024, 20:13","","Hack Squat (Machine)",,"",0,"normal",40,10,,,
"Legs","25 Aug 2024, 19:07","25 Aug 2024, 20:13","","Hack Squat (Machine)",,"",1,"failure",55,7,,,
"Legs","25 Aug 2024, 19:07","25 Aug 2024, 20:13","","Hip Thrust (Barbell)",,"",0,"normal",40,20,,,
"Legs","25 Aug 2024, 19:07","25 Aug 2024, 20:13","","Hip Thrust (Barbell)",,"",1,"normal",60,10,,,
"Legs","25 Aug 2024, 19:07","25 Aug 2024, 20:13","","Hip Thrust (Barbell)",,"",2,"normal",60,10,,,
"Legs","25 Aug 2024, 19:07","25 Aug 2024, 20:13","","Leg Extension (Machine)",,"",0,"normal",100,8,,,
"Legs","25 Aug 2024, 19:07","25 Aug 2024, 20:13","","Leg Extension (Machine)",,"",1,"failure",100,8,,,
"Legs","25 Aug 2024, 19:07","25 Aug 2024, 20:13","","Calf Press (Machine)",,"",0,"normal",120,13,,,
"Legs","25 Aug 2024, 19:07","25 Aug 2024, 20:13","","Calf Press (Machine)",,"",1,"normal",160,14,,,
"Chest and Tricep and Calves","23 Aug 2024, 16:43","23 Aug 2024, 18:21","","Incline Bench Press (Barbell)",,"",0,"normal",62.5,6,,,
"Chest and Tricep and Calves","23 Aug 2024, 16:43","23 Aug 2024, 18:21","","Incline Bench Press (Barbell)",,"",1,"normal",60,4,,,
"Chest and Tricep and Calves","23 Aug 2024, 16:43","23 Aug 2024, 18:21","","Triceps Dip",,"",0,"normal",,8,,,
"Chest and Tricep and Calves","23 Aug 2024, 16:43","23 Aug 2024, 18:21","","Triceps Dip",,"",1,"normal",,8,,,
"Chest and Tricep and Calves","23 Aug 2024, 16:43","23 Aug 2024, 18:21","","Triceps Dip",,"",2,"normal",,8,,,
"Chest and Tricep and Calves","23 Aug 2024, 16:43","23 Aug 2024, 18:21","","Bench Press (Dumbbell)",,"",0,"normal",25,6,,,
"Chest and Tricep and Calves","23 Aug 2024, 16:43","23 Aug 2024, 18:21","","Bench Press (Dumbbell)",,"",1,"normal",25,4,,,
"Chest and Tricep and Calves","23 Aug 2024, 16:43","23 Aug 2024, 18:21","","Calf Extension (Machine)",,"",0,"normal",40,50,,,
"Arms and Shoulders","21 Aug 2024, 19:44","21 Aug 2024, 21:12","","Chin Up",,"",0,"normal",,5,,,
"Arms and Shoulders","21 Aug 2024, 19:44","21 Aug 2024, 21:12","","Chin Up",,"",1,"normal",,7,,,
"Arms and Shoulders","21 Aug 2024, 19:44","21 Aug 2024, 21:12","","Chin Up",,"",2,"normal",,6,,,
"Arms and Shoulders","21 Aug 2024, 19:44","21 Aug 2024, 21:12","","Lateral Raise (Cable)",,"",0,"normal",18.2,9,,,
"Arms and Shoulders","21 Aug 2024, 19:44","21 Aug 2024, 21:12","","Lateral Raise (Cable)",,"",1,"normal",18.2,9,,,
"Arms and Shoulders","21 Aug 2024, 19:44","21 Aug 2024, 21:12","","Lateral Raise (Cable)",,"",2,"failure",18.2,10,,,
"Arms and Shoulders","21 Aug 2024, 19:44","21 Aug 2024, 21:12","","Triceps Rope Pushdown",,"",0,"normal",45.5,7,,,
"Arms and Shoulders","21 Aug 2024, 19:44","21 Aug 2024, 21:12","","Triceps Rope Pushdown",,"",1,"normal",40.9,11,,,
"Arms and Shoulders","21 Aug 2024, 19:44","21 Aug 2024, 21:12","","Triceps Rope Pushdown",,"",2,"failure",45.5,9,,,
"Arms and Shoulders","21 Aug 2024, 19:44","21 Aug 2024, 21:12","","Overhead Press (Barbell)",,"",0,"normal",30,7,,,
"Arms and Shoulders","21 Aug 2024, 19:44","21 Aug 2024, 21:12","","Overhead Press (Barbell)",,"",1,"normal",30,5,,,
"Arms and Shoulders","21 Aug 2024, 19:44","21 Aug 2024, 21:12","","Overhead Press (Barbell)",,"",2,"normal",22.5,10,,,
"Arms and Shoulders","21 Aug 2024, 19:44","21 Aug 2024, 21:12","","Bicep Curl (Cable)",,"",0,"normal",59.1,9,,,
"Arms and Shoulders","21 Aug 2024, 19:44","21 Aug 2024, 21:12","","Bicep Curl (Cable)",,"",1,"failure",59.1,8,,,
"Chest and Arms","14 Aug 2024, 19:54","14 Aug 2024, 20:58","","Bench Press (Barbell)",,"",0,"normal",70,5,,,
"Chest and Arms","14 Aug 2024, 19:54","14 Aug 2024, 20:58","","Bench Press (Barbell)",,"",1,"normal",70,6,,,
"Chest and Arms","14 Aug 2024, 19:54","14 Aug 2024, 20:58","","Bench Press (Barbell)",,"",2,"failure",70,8,,,
"Chest and Arms","14 Aug 2024, 19:54","14 Aug 2024, 20:58","","Triceps Dip",,"",0,"normal",,7,,,
"Chest and Arms","14 Aug 2024, 19:54","14 Aug 2024, 20:58","","Triceps Dip",,"",1,"normal",,8,,,
"Chest and Arms","14 Aug 2024, 19:54","14 Aug 2024, 20:58","","Triceps Dip",,"",2,"failure",,8,,,
"Chest and Arms","14 Aug 2024, 19:54","14 Aug 2024, 20:58","","Bicep Curl (Barbell)",,"",0,"normal",35,10,,,
"Chest and Arms","14 Aug 2024, 19:54","14 Aug 2024, 20:58","","Bicep Curl (Barbell)",,"",1,"failure",35,6,,,
"Chest and Tricep","10 Aug 2024, 10:58","10 Aug 2024, 12:33","","Incline Bench Press (Barbell)",,"",0,"normal",60,6,,,
"Chest and Tricep","10 Aug 2024, 10:58","10 Aug 2024, 12:33","","Incline Bench Press (Barbell)",,"",1,"normal",60,6,,,
"Chest and Tricep","10 Aug 2024, 10:58","10 Aug 2024, 12:33","","Incline Bench Press (Barbell)",,"",2,"failure",60,7,,,
"Chest and Tricep","10 Aug 2024, 10:58","10 Aug 2024, 12:33","","Bench Press (Dumbbell)",,"",0,"normal",30,6,,,
"Chest and Tricep","10 Aug 2024, 10:58","10 Aug 2024, 12:33","","Bench Press (Dumbbell)",,"",1,"failure",30,6,,,
"Chest and Tricep","10 Aug 2024, 10:58","10 Aug 2024, 12:33","","Triceps Rope Pushdown",,"",0,"failure",50,7,,,
"Chest and Tricep","10 Aug 2024, 10:58","10 Aug 2024, 12:33","","Triceps Rope Pushdown",,"",1,"normal",45.5,6,,,
"Chest and Tricep","10 Aug 2024, 10:58","10 Aug 2024, 12:33","","Chest Fly (Machine)",,"",0,"failure",70,5,,,
"Chest and Tricep","10 Aug 2024, 10:58","10 Aug 2024, 12:33","","Chest Fly (Machine)",,"",1,"failure",70,5,,,
"Back and bicep","9 Aug 2024, 19:58","9 Aug 2024, 21:08","","Pull Up",,"",0,"normal",,4,,,
"Back and bicep","9 Aug 2024, 19:58","9 Aug 2024, 21:08","","Pull Up",,"",1,"normal",,6,,,
"Back and bicep","9 Aug 2024, 19:58","9 Aug 2024, 21:08","","Pull Up",,"",2,"normal",,4,,,
"Back and bicep","9 Aug 2024, 19:58","9 Aug 2024, 21:08","","Bicep Curl (Barbell)",,"",0,"normal",35,8,,,
"Back and bicep","9 Aug 2024, 19:58","9 Aug 2024, 21:08","","Bicep Curl (Barbell)",,"",1,"normal",35,8,,,
"Back and bicep","9 Aug 2024, 19:58","9 Aug 2024, 21:08","","Bicep Curl (Barbell)",,"",2,"failure",35,7,,,
"Back and bicep","9 Aug 2024, 19:58","9 Aug 2024, 21:08","","Iso-Lateral Row (Machine)",,"",0,"normal",35,5,,,
"Back and bicep","9 Aug 2024, 19:58","9 Aug 2024, 21:08","","Iso-Lateral Row (Machine)",,"",1,"normal",35,9,,,
"Back and bicep","9 Aug 2024, 19:58","9 Aug 2024, 21:08","","Rear Delt Reverse Fly (Machine)",,"",0,"normal",47.5,5,,,
"Back and bicep","9 Aug 2024, 19:58","9 Aug 2024, 21:08","","Rear Delt Reverse Fly (Machine)",,"",1,"normal",40,8,,,
"Wab","7 Aug 2024, 19:59","7 Aug 2024, 21:33","","Pull Up",,"",0,"normal",,3,,,
"Wab","7 Aug 2024, 19:59","7 Aug 2024, 21:33","","Pull Up",,"",1,"normal",,4,,,
"Wab","7 Aug 2024, 19:59","7 Aug 2024, 21:33","","Pull Up",,"",2,"normal",,4,,,
"Wab","7 Aug 2024, 19:59","7 Aug 2024, 21:33","","Overhead Press (Barbell)",,"",0,"normal",30,6,,,
"Wab","7 Aug 2024, 19:59","7 Aug 2024, 21:33","","Overhead Press (Barbell)",,"",1,"normal",40,7,,,
"Wab","7 Aug 2024, 19:59","7 Aug 2024, 21:33","","Overhead Press (Barbell)",,"",2,"normal",20,12,,,
"Wab","7 Aug 2024, 19:59","7 Aug 2024, 21:33","","Lateral Raise (Cable)",,"",0,"normal",18.2,7,,,
"Wab","7 Aug 2024, 19:59","7 Aug 2024, 21:33","","Lateral Raise (Cable)",,"",1,"normal",18.2,7,,,
"Chest and Tricep","29 Jul 2024, 20:15","29 Jul 2024, 21:12","","Bench Press (Dumbbell)",,"",0,"normal",32.5,5,,,
"Chest and Tricep","29 Jul 2024, 20:15","29 Jul 2024, 21:12","","Bench Press (Dumbbell)",,"",1,"failure",32.5,4,,,
"Chest and Tricep","29 Jul 2024, 20:15","29 Jul 2024, 21:12","","Incline Bench Press (Dumbbell)",,"",0,"normal",22.5,9,,,
"Chest and Tricep","29 Jul 2024, 20:15","29 Jul 2024, 21:12","","Incline Bench Press (Dumbbell)",,"",1,"failure",22.5,8,,,
"Chest and Tricep","29 Jul 2024, 20:15","29 Jul 2024, 21:12","","Triceps Dip",,"",0,"failure",,10,,,
"Chest and Tricep","29 Jul 2024, 20:15","29 Jul 2024, 21:12","","Triceps Dip",,"",1,"failure",,4,,,
"Chest and Tricep","29 Jul 2024, 20:15","29 Jul 2024, 21:12","","Triceps Rope Pushdown",,"",0,"normal",50,8,,,
"Chest and Tricep","29 Jul 2024, 20:15","29 Jul 2024, 21:12","","Triceps Rope Pushdown",,"",1,"failure",50,6,,,
"Back?","23 Jul 2024, 19:43","23 Jul 2024, 21:12","","Chin Up",,"",0,"normal",,5,,,
"Back?","23 Jul 2024, 19:43","23 Jul 2024, 21:12","","Chin Up",,"",1,"normal",,3,,,
"Back?","23 Jul 2024, 19:43","23 Jul 2024, 21:12","","Chin Up",,"",2,"normal",,2,,,
"Back?","23 Jul 2024, 19:43","23 Jul 2024, 21:12","","Iso-Lateral Row (Machine)",,"",0,"normal",30,9,,,
"Back?","23 Jul 2024, 19:43","23 Jul 2024, 21:12","","Iso-Lateral Row (Machine)",,"",1,"normal",30,9,,,
"Back?","23 Jul 2024, 19:43","23 Jul 2024, 21:12","","Iso-Lateral Row (Machine)",,"",2,"normal",30,9,,,
"Chest","22 Jul 2024, 20:31","22 Jul 2024, 21:22","","Bench Press (Barbell)",,"",0,"normal",70,4,,,
"Chest","22 Jul 2024, 20:31","22 Jul 2024, 21:22","","Bench Press (Barbell)",,"",1,"normal",70,6,,,
"Chest","22 Jul 2024, 20:31","22 Jul 2024, 21:22","","Incline Bench Press (Dumbbell)",,"",0,"normal",22.5,8,,,
"Chest","22 Jul 2024, 20:31","22 Jul 2024, 21:22","","Incline Bench Press (Dumbbell)",,"",1,"normal",22.5,9,,,
"Arms","21 Jul 2024, 16:19","21 Jul 2024, 17:32","","Chin Up",,"",0,"normal",,7,,,
"Arms","21 Jul 2024, 16:19","21 Jul 2024, 17:32","","Chin Up",,"",1,"normal",,5,,,
"Arms","21 Jul 2024, 16:19","21 Jul 2024, 17:32","","Chin Up",,"",2,"failure",,3,,,
"Arms","21 Jul 2024, 16:19","21 Jul 2024, 17:32","","Triceps Rope Pushdown",,"",0,"normal",45.5,9,,,
"Arms","21 Jul 2024, 16:19","21 Jul 2024, 17:32","","Triceps Rope Pushdown",,"",1,"normal",45.5,9,,,
"Arms","21 Jul 2024, 16:19","21 Jul 2024, 17:32","","Triceps Rope Pushdown",,"",2,"failure",45.5,11,,,
"Arms","21 Jul 2024, 16:19","21 Jul 2024, 17:32","","Bicep Curl (Barbell)",,"",0,"normal",30,10,,,
"Arms","21 Jul 2024, 16:19","21 Jul 2024, 17:32","","Bicep Curl (Barbell)",,"",1,"normal",30,10,,,
"Arms","21 Jul 2024, 16:19","21 Jul 2024, 17:32","","Lateral Raise (Cable)",,"",0,"normal",18.2,7,,,
"Back and bicep","9 Jul 2024, 10:48","9 Jul 2024, 12:27","","Lat Pulldown (Cable)",,"",0,"normal",77.3,9,,,
"Back and bicep","9 Jul 2024, 10:48","9 Jul 2024, 12:27","","Lat Pulldown (Cable)",,"",1,"normal",77.3,3,,,
"Back and bicep","9 Jul 2024, 10:48","9 Jul 2024, 12:27","","Lat Pulldown (Cable)",,"",2,"normal",72.7,7,,,
"Back and bicep","9 Jul 2024, 10:48","9 Jul 2024, 12:27","","Seated Cable Row - V Grip (Cable)",,"",0,"normal",68.2,9,,,
"Back and bicep","9 Jul 2024, 10:48","9 Jul 2024, 12:27","","Seated Cable Row - V Grip (Cable)",,"",1,"normal",59.1,8,,,
"Back and bicep","9 Jul 2024, 10:48","9 Jul 2024, 12:27","","Seated Cable Row - V Grip (Cable)",,"",2,"normal",59.1,7,,,
"Back and bicep","9 Jul 2024, 10:48","9 Jul 2024, 12:27","","Bicep Curl (Barbell)",,"",0,"normal",30,9,,,
"Back and bicep","9 Jul 2024, 10:48","9 Jul 2024, 12:27","","Bicep Curl (Barbell)",,"",1,"normal",30,8,,,
"Back and bicep","9 Jul 2024, 10:48","9 Jul 2024, 12:27","","Lat Pulldown (Machine)",,"",0,"normal",30,7,,,
"Idfk","8 Jul 2024, 11:39","8 Jul 2024, 12:31","","Pull Up (Weighted)",,"",0,"normal",,7,,,
"Idfk","8 Jul 2024, 11:39","8 Jul 2024, 12:31","","Pull Up (Weighted)",,"",1,"normal",,2,,,
"Idfk","8 Jul 2024, 11:39","8 Jul 2024, 12:31","","Bench Press (Dumbbell)",,"",0,"normal",30,7,,,
"Idfk","8 Jul 2024, 11:39","8 Jul 2024, 12:31","","Bench Press (Dumbbell)",,"",1,"normal",30,5,,,
"Idfk","8 Jul 2024, 11:39","8 Jul 2024, 12:31","","Triceps Dip",,"",0,"normal",,10,,,
"Idfk","8 Jul 2024, 11:39","8 Jul 2024, 12:31","","Triceps Dip",,"",1,"normal",,2,,,
"Arms","3 Jul 2024, 19:58","3 Jul 2024, 20:47","","Hammer Curl (Dumbbell)",,"",0,"warmup",10,10,,,
"Arms","3 Jul 2024, 19:58","3 Jul 2024, 20:47","","Hammer Curl (Dumbbell)",,"",1,"normal",20,10,,,
"Arms","3 Jul 2024, 19:58","3 Jul 2024, 20:47","","Hammer Curl (Dumbbell)",,"",2,"failure",20,11,,,
"Arms","3 Jul 2024, 19:58","3 Jul 2024, 20:47","","Lateral Raise (Dumbbell)",,"",0,"normal",10,11,,,
"Arms","3 Jul 2024, 19:58","3 Jul 2024, 20:47","","Triceps Rope Pushdown",,"",0,"normal",45,9,,,
"Arms","3 Jul 2024, 19:58","3 Jul 2024, 20:47","","Triceps Extension (Cable)",,"",0,"normal",40,9,,,
"Arms","3 Jul 2024, 19:58","3 Jul 2024, 20:47","","Bicep Curl (Barbell)",,"",0,"normal",35,7,,,
"Arms","3 Jul 2024, 19:58","3 Jul 2024, 20:47","","Bicep Curl (Barbell)",,"",1,"failure",20,12,,,
"Mixed","25 Jun 2024, 17:53","25 Jun 2024, 19:41","","Pull Up (Weighted)",,"",0,"normal",5,5,,,
"Mixed","25 Jun 2024, 17:53","25 Jun 2024, 19:41","","Pull Up (Weighted)",,"",1,"normal",5,5,,,
"Mixed","25 Jun 2024, 17:53","25 Jun 2024, 19:41","","Pull Up (Weighted)",,"",2,"failure",5,4,,,
"Mixed","25 Jun 2024, 17:53","25 Jun 2024, 19:41","","Pull Up (Weighted)",,"",3,"failure",,5,,,
"Mixed","25 Jun 2024, 17:53","25 Jun 2024, 19:41","","Hammer Curl (Dumbbell)",,"",0,"normal",20,9,,,
"Mixed","25 Jun 2024, 17:53","25 Jun 2024, 19:41","","Hammer Curl (Dumbbell)",,"",1,"normal",20,8,,,
"Mixed","25 Jun 2024, 17:53","25 Jun 2024, 19:41","","Hammer Curl (Dumbbell)",,"",2,"failure",20,10,,,
"Mixed","25 Jun 2024, 17:53","25 Jun 2024, 19:41","","Leg Press (Machine)",,"",0,"normal",125.5,11,,,
"Mixed","25 Jun 2024, 17:53","25 Jun 2024, 19:41","","Leg Press (Machine)",,"",1,"normal",125.5,8,,,
"Mixed","25 Jun 2024, 17:53","25 Jun 2024, 19:41","","Calf Press (Machine)",,"",0,"normal",105.5,15,,,
"Mixed","25 Jun 2024, 17:53","25 Jun 2024, 19:41","","Farmers Walk",,"",0,"normal",24,,0.022,,
"Mixed","25 Jun 2024, 17:53","25 Jun 2024, 19:41","","Farmers Walk",,"",1,"normal",24,,0.044,,
"Mixed","25 Jun 2024, 17:53","25 Jun 2024, 19:41","","Farmers Walk",,"",2,"normal",24,,0.044,,
"Mixed","25 Jun 2024, 17:53","25 Jun 2024, 19:41","","Air Bike",,"",0,"normal",,,,180,
"Shoulder Press","16 Jun 2024, 08:54","16 Jun 2024, 09:51","","Shoulder Press (Dumbbell)",,"",0,"normal",25,8,,,
"Shoulder Press","16 Jun 2024, 08:54","16 Jun 2024, 09:51","","Shoulder Press (Dumbbell)",,"",1,"normal",25,8,,,
"Shoulder Press","16 Jun 2024, 08:54","16 Jun 2024, 09:51","","Shoulder Press (Dumbbell)",,"",2,"normal",25,8,,,
"Chest and Tricep","13 Jun 2024, 20:10","13 Jun 2024, 20:55","","Incline Bench Press (Smith Machine)",,"",0,"normal",80,5,,,
"Chest and Tricep","13 Jun 2024, 20:10","13 Jun 2024, 20:55","","Incline Bench Press (Smith Machine)",,"",1,"normal",80,3,,,
"Chest and Tricep","13 Jun 2024, 20:10","13 Jun 2024, 20:55","","Incline Bench Press (Smith Machine)",,"",2,"normal",70,6,,,
"Back and Bicep","11 Jun 2024, 19:17","11 Jun 2024, 20:45","","Pull Up (Weighted)",,"",0,"normal",6.25,3,,,
"Back and Bicep","11 Jun 2024, 19:17","11 Jun 2024, 20:45","","Pull Up (Weighted)",,"",1,"normal",6.25,3,,,
"Back and Bicep","11 Jun 2024, 19:17","11 Jun 2024, 20:45","","Pull Up (Weighted)",,"",2,"normal",6.25,3,,,
"Back and Bicep","11 Jun 2024, 19:17","11 Jun 2024, 20:45","","Pull Up (Weighted)",,"",3,"failure",6.25,4,,,
"Back and Bicep","11 Jun 2024, 19:17","11 Jun 2024, 20:45","","Pull Up (Weighted)",,"",4,"normal",,8,,,
"Back and Bicep","11 Jun 2024, 19:17","11 Jun 2024, 20:45","","Chin Up (Weighted)",,"",0,"normal",7.5,4,,,
"Back and Bicep","11 Jun 2024, 19:17","11 Jun 2024, 20:45","","Chin Up (Weighted)",,"",1,"normal",7.5,4,,,
"Back and Bicep","11 Jun 2024, 19:17","11 Jun 2024, 20:45","","Chin Up (Weighted)",,"",2,"failure",7.5,3,,,
"Back and Bicep","11 Jun 2024, 19:17","11 Jun 2024, 20:45","","Chin Up (Weighted)",,"",3,"normal",,5,,,
"Back and Bicep","11 Jun 2024, 19:17","11 Jun 2024, 20:45","","Seated Cable Row - V Grip (Cable)",,"",0,"failure",81.8,7,,,
"Back and Bicep","11 Jun 2024, 19:17","11 Jun 2024, 20:45","","Seated Cable Row - V Grip (Cable)",,"",1,"normal",81.8,6,,,
"Back and Bicep","11 Jun 2024, 19:17","11 Jun 2024, 20:45","","Bicep Curl (Dumbbell)",,"",0,"failure",17.5,9,,,
"Back and Bicep","11 Jun 2024, 19:17","11 Jun 2024, 20:45","","Hammer Curl (Dumbbell)",,"",0,"failure",17.5,9,,,
"Chest and Tricep","10 Jun 2024, 10:10","10 Jun 2024, 11:57","","Bench Press (Barbell)",,"",0,"normal",77.5,5,,,
"Chest and Tricep","10 Jun 2024, 10:10","10 Jun 2024, 11:57","","Bench Press (Barbell)",,"",1,"normal",77.5,4,,,
"Chest and Tricep","10 Jun 2024, 10:10","10 Jun 2024, 11:57","","Bench Press (Barbell)",,"",2,"failure",77.5,4,,,
"Chest and Tricep","10 Jun 2024, 10:10","10 Jun 2024, 11:57","","Triceps Dip (Weighted)",,"",0,"normal",12.5,7,,,
"Chest and Tricep","10 Jun 2024, 10:10","10 Jun 2024, 11:57","","Triceps Dip (Weighted)",,"",1,"normal",,10,,,
"Chest and Tricep","10 Jun 2024, 10:10","10 Jun 2024, 11:57","","Incline Bench Press (Dumbbell)",,"",0,"normal",25,10,,,
"Chest and Tricep","10 Jun 2024, 10:10","10 Jun 2024, 11:57","","Incline Bench Press (Dumbbell)",,"",1,"normal",20,14,,,
"Chest and Tricep","10 Jun 2024, 10:10","10 Jun 2024, 11:57","","Incline Bench Press (Dumbbell)",,"",2,"normal",20,14,,,
"Chest and Tricep","10 Jun 2024, 10:10","10 Jun 2024, 11:57","","Triceps Rope Pushdown",,"",0,"normal",50,10,,,
"Chest and Tricep","10 Jun 2024, 10:10","10 Jun 2024, 11:57","","Triceps Rope Pushdown",,"",1,"failure",50,7,,,
"Chest and Tricep","10 Jun 2024, 10:10","10 Jun 2024, 11:57","","Triceps Rope Pushdown",,"",2,"failure",50,7,,,
"Chest and Tricep","10 Jun 2024, 10:10","10 Jun 2024, 11:57","","Cable Pull Through",,"",0,"normal",27.3,7,,,
"Chest and Tricep","10 Jun 2024, 10:10","10 Jun 2024, 11:57","","Cable Pull Through",,"",1,"normal",27.3,5,,,
"Evening workout üèãÔ∏è","5 Jun 2024, 19:57","5 Jun 2024, 21:29","","Pull Up (Weighted)",,"",0,"normal",5,4,,,
"Evening workout üèãÔ∏è","5 Jun 2024, 19:57","5 Jun 2024, 21:29","","Pull Up (Weighted)",,"",1,"normal",5,4,,,
"Evening workout üèãÔ∏è","5 Jun 2024, 19:57","5 Jun 2024, 21:29","","Pull Up (Weighted)",,"",2,"normal",5,4,,,
"Evening workout üèãÔ∏è","5 Jun 2024, 19:57","5 Jun 2024, 21:29","","Chin Up (Weighted)",,"",0,"normal",10,5,,,
"Evening workout üèãÔ∏è","5 Jun 2024, 19:57","5 Jun 2024, 21:29","","Chin Up (Weighted)",,"",1,"normal",10,4,,,
"Evening workout üèãÔ∏è","5 Jun 2024, 19:57","5 Jun 2024, 21:29","","Chin Up (Weighted)",,"",2,"normal",10,3,,,
"Evening workout üèãÔ∏è","5 Jun 2024, 19:57","5 Jun 2024, 21:29","","Lat Pulldown (Cable)",,"",0,"normal",77.3,9,,,
"Evening workout üèãÔ∏è","5 Jun 2024, 19:57","5 Jun 2024, 21:29","","Lat Pulldown (Cable)",,"",1,"normal",77.3,7,,,
"Evening workout üèãÔ∏è","5 Jun 2024, 19:57","5 Jun 2024, 21:29","","Lat Pulldown (Cable)",,"",2,"failure",72.7,8,,,
"Evening workout üèãÔ∏è","5 Jun 2024, 19:57","5 Jun 2024, 21:29","","Hammer Curl (Dumbbell)",,"",0,"normal",20,9,,,
"Evening workout üèãÔ∏è","5 Jun 2024, 19:57","5 Jun 2024, 21:29","","Hammer Curl (Dumbbell)",,"",1,"normal",20,8,,,
"Chest and Tricep","3 Jun 2024, 19:50","3 Jun 2024, 21:26","","Bench Press (Barbell)",,"",0,"normal",75,5,,,
"Chest and Tricep","3 Jun 2024, 19:50","3 Jun 2024, 21:26","","Bench Press (Barbell)",,"",1,"normal",75,5,,,
"Chest and Tricep","3 Jun 2024, 19:50","3 Jun 2024, 21:26","","Bench Press (Barbell)",,"",2,"failure",75,6,,,
"Chest and Tricep","3 Jun 2024, 19:50","3 Jun 2024, 21:26","","Triceps Dip (Weighted)",,"",0,"normal",12.5,8,,,
"Chest and Tricep","3 Jun 2024, 19:50","3 Jun 2024, 21:26","","Triceps Dip (Weighted)",,"",1,"failure",12.5,6,,,
"Chest and Tricep","3 Jun 2024, 19:50","3 Jun 2024, 21:26","","Triceps Dip (Weighted)",,"",2,"failure",12.5,3,,,
"Chest and Tricep","3 Jun 2024, 19:50","3 Jun 2024, 21:26","","Incline Bench Press (Dumbbell)",,"",0,"normal",25,9,,,
"Chest and Tricep","3 Jun 2024, 19:50","3 Jun 2024, 21:26","","Incline Bench Press (Dumbbell)",,"",1,"failure",25,10,,,
"Chest and Tricep","3 Jun 2024, 19:50","3 Jun 2024, 21:26","","Triceps Rope Pushdown",,"",0,"normal",54.5,6,,,
"Chest and Tricep","3 Jun 2024, 19:50","3 Jun 2024, 21:26","","Triceps Rope Pushdown",,"",1,"failure",50,9,,,
"Chest and Tricep","3 Jun 2024, 19:50","3 Jun 2024, 21:26","","Triceps Rope Pushdown",,"",2,"dropset",36.4,8,,,
"Chest","30 May 2024, 20:30","30 May 2024, 21:35","","Bench Press (Barbell)",,"",0,"normal",72.5,4,,,
"Chest","30 May 2024, 20:30","30 May 2024, 21:35","","Bench Press (Barbell)",,"",1,"normal",72.5,5,,,
"Chest","30 May 2024, 20:30","30 May 2024, 21:35","","Bench Press (Barbell)",,"",2,"normal",72.5,5,,,
"Chest","30 May 2024, 20:30","30 May 2024, 21:35","","Incline Bench Press (Dumbbell)",,"",0,"normal",27.5,8,,,
"Chest","30 May 2024, 20:30","30 May 2024, 21:35","","Incline Bench Press (Dumbbell)",,"",1,"normal",25,9,,,
"Chest","30 May 2024, 20:30","30 May 2024, 21:35","","Cable Fly Crossovers",,"",0,"normal",22.7,9,,,
"Chest","30 May 2024, 20:30","30 May 2024, 21:35","","Cable Fly Crossovers",,"",1,"normal",22.7,8,,,
"Chest","30 May 2024, 20:30","30 May 2024, 21:35","","Low Cable Fly Crossovers",,"",0,"normal",22.7,8,,,
"Back and Bicep","29 May 2024, 19:35","29 May 2024, 21:18","","Pull Up (Weighted)",,"",0,"normal",5,4,,,
"Back and Bicep","29 May 2024, 19:35","29 May 2024, 21:18","","Pull Up (Weighted)",,"",1,"normal",5,4,,,
"Back and Bicep","29 May 2024, 19:35","29 May 2024, 21:18","","Pull Up (Weighted)",,"",2,"normal",5,3,,,
"Back and Bicep","29 May 2024, 19:35","29 May 2024, 21:18","","Chin Up (Weighted)",,"",0,"normal",10,5,,,
"Back and Bicep","29 May 2024, 19:35","29 May 2024, 21:18","","Chin Up (Weighted)",,"",1,"normal",10,5,,,
"Back and Bicep","29 May 2024, 19:35","29 May 2024, 21:18","","Chin Up (Weighted)",,"",2,"normal",10,4,,,
"Back and Bicep","29 May 2024, 19:35","29 May 2024, 21:18","","Lat Pulldown (Cable)",,"",0,"normal",77.3,8,,,
"Back and Bicep","29 May 2024, 19:35","29 May 2024, 21:18","","Lat Pulldown (Cable)",,"",1,"normal",77.3,8,,,
"Back and Bicep","29 May 2024, 19:35","29 May 2024, 21:18","","Lat Pulldown (Cable)",,"",2,"normal",72.7,7,,,
"Back and Bicep","29 May 2024, 19:35","29 May 2024, 21:18","","Preacher Curl (Barbell)",,"",0,"normal",35,6,,,
"Back and Bicep","29 May 2024, 19:35","29 May 2024, 21:18","","Bicep Curl (Barbell)",,"",0,"normal",35,7,,,
"Back and Bicep","29 May 2024, 19:35","29 May 2024, 21:18","","Bicep Curl (Barbell)",,"",1,"normal",35,7,,,
"Back and Bicep","29 May 2024, 19:35","29 May 2024, 21:18","","Bicep Curl (Barbell)",,"",2,"normal",35,6,,,
"Back and Bicep","29 May 2024, 19:35","29 May 2024, 21:18","","Hammer Curl (Dumbbell)",,"",0,"dropset",12.5,10,,,
"Chest and Tricep","27 May 2024, 19:52","27 May 2024, 20:41","","Bench Press (Barbell)",,"",0,"normal",70,5,,,
"Chest and Tricep","27 May 2024, 19:52","27 May 2024, 20:41","","Bench Press (Barbell)",,"",1,"normal",70,5,,,
"Chest and Tricep","27 May 2024, 19:52","27 May 2024, 20:41","","Bench Press (Barbell)",,"",2,"normal",70,5,,,
"Chest and Tricep","27 May 2024, 19:52","27 May 2024, 20:41","","Triceps Dip (Weighted)",,"",0,"normal",10,8,,,
"Chest and Tricep","27 May 2024, 19:52","27 May 2024, 20:41","","Triceps Dip (Weighted)",,"",1,"normal",10,5,,,
"Chest and Tricep","27 May 2024, 19:52","27 May 2024, 20:41","","Triceps Dip (Weighted)",,"",2,"normal",10,4,,,
"Arms","25 May 2024, 12:36","25 May 2024, 14:09","","Chin Up",,"",0,"normal",,9,,,
"Arms","25 May 2024, 12:36","25 May 2024, 14:09","","Chin Up",,"",1,"normal",,7,,,
"Arms","25 May 2024, 12:36","25 May 2024, 14:09","","Chin Up",,"",2,"normal",,6,,,
"Arms","25 May 2024, 12:36","25 May 2024, 14:09","","Triceps Dip",,"",0,"normal",,11,,,
"Arms","25 May 2024, 12:36","25 May 2024, 14:09","","Triceps Dip",,"",1,"normal",,9,,,
"Arms","25 May 2024, 12:36","25 May 2024, 14:09","","Triceps Dip",,"",2,"normal",,7,,,
"Arms","25 May 2024, 12:36","25 May 2024, 14:09","","Hammer Curl (Dumbbell)",,"",0,"normal",20,8,,,
"Arms","25 May 2024, 12:36","25 May 2024, 14:09","","Hammer Curl (Dumbbell)",,"",1,"normal",20,8,,,
"Arms","25 May 2024, 12:36","25 May 2024, 14:09","","Hammer Curl (Dumbbell)",,"",2,"normal",20,8,,,
"Arms","25 May 2024, 12:36","25 May 2024, 14:09","","Triceps Rope Pushdown",,"",0,"normal",50,10,,,
"Arms","25 May 2024, 12:36","25 May 2024, 14:09","","Triceps Rope Pushdown",,"",1,"normal",50,9,,,
"Arms","25 May 2024, 12:36","25 May 2024, 14:09","","Triceps Rope Pushdown",,"",2,"normal",45.5,11,,,
"Arms","25 May 2024, 12:36","25 May 2024, 14:09","","Single Arm Lateral Raise (Cable)",,"",0,"normal",18.2,7,,,
"Arms","25 May 2024, 12:36","25 May 2024, 14:09","","Single Arm Lateral Raise (Cable)",,"",1,"normal",13.6,8,,,
"Arms","25 May 2024, 12:36","25 May 2024, 14:09","","Hammer Curl (Cable)",,"",0,"normal",54.5,10,,,
"Arms","25 May 2024, 12:36","25 May 2024, 14:09","","Hammer Curl (Cable)",,"",1,"normal",54.5,11,,,
"Arms","25 May 2024, 12:36","25 May 2024, 14:09","","Bicep Curl (Barbell)",,"",0,"normal",35,8,,,
"Arms","25 May 2024, 12:36","25 May 2024, 14:09","","Behind the Back Bicep Wrist Curl (Barbell)",,"",0,"normal",35,15,,,
"Arms","25 May 2024, 12:36","25 May 2024, 14:09","","Push Up - Close Grip",,"",0,"normal",,21,,,
"Chest and Tricep","23 May 2024, 20:23","23 May 2024, 21:02","","Bench Press (Dumbbell)",,"",0,"normal",35,6,,,
"Chest and Tricep","23 May 2024, 20:23","23 May 2024, 21:02","","Bench Press (Dumbbell)",,"",1,"normal",35,4,,,
"Chest and Tricep","23 May 2024, 20:23","23 May 2024, 21:02","","Bench Press (Dumbbell)",,"",2,"normal",35,3,,,
"Chest and Tricep","23 May 2024, 20:23","23 May 2024, 21:02","","Triceps Dip",,"",0,"normal",,10,,,
"Chest and Tricep","23 May 2024, 20:23","23 May 2024, 21:02","","Triceps Dip",,"",1,"normal",,7,,,
"Back and Bicep","22 May 2024, 19:37","22 May 2024, 20:58","","Lat Pulldown (Cable)",,"",0,"normal",72.7,14,,,
"Back and Bicep","22 May 2024, 19:37","22 May 2024, 20:58","","Lat Pulldown (Cable)",,"",1,"normal",77.3,9,,,
"Back and Bicep","22 May 2024, 19:37","22 May 2024, 20:58","","Lat Pulldown (Cable)",,"",2,"normal",77.3,8,,,
"Back and Bicep","22 May 2024, 19:37","22 May 2024, 20:58","","Bicep Curl (Barbell)",,"",0,"normal",35,11,,,
"Back and Bicep","22 May 2024, 19:37","22 May 2024, 20:58","","Bicep Curl (Barbell)",,"",1,"normal",35,8,,,
"Back and Bicep","22 May 2024, 19:37","22 May 2024, 20:58","","Bicep Curl (Barbell)",,"",2,"normal",35,7,,,
"Back and Bicep","22 May 2024, 19:37","22 May 2024, 20:58","","Seated Cable Row - V Grip (Cable)",,"",0,"normal",81.8,8,,,
"Legs","18 May 2024, 11:27","18 May 2024, 13:24","","Hack Squat",,"",0,"normal",50,12,,,
"Legs","18 May 2024, 11:27","18 May 2024, 13:24","","Hack Squat",,"",1,"normal",70,11,,,
"Legs","18 May 2024, 11:27","18 May 2024, 13:24","","Hip Thrust (Barbell)",,"",0,"normal",60,10,,,
"Legs","18 May 2024, 11:27","18 May 2024, 13:24","","Hip Thrust (Barbell)",,"",1,"normal",60,11,,,
"Legs","18 May 2024, 11:27","18 May 2024, 13:24","","Standing Calf Raise (Smith)",,"",0,"normal",65,11,,,
"Legs","18 May 2024, 11:27","18 May 2024, 13:24","","Standing Calf Raise (Smith)",,"",1,"normal",65,14,,,
"Legs","18 May 2024, 11:27","18 May 2024, 13:24","","Standing Calf Raise (Smith)",,"",2,"normal",80,15,,,
"Chest and Tricep","16 May 2024, 18:49","16 May 2024, 20:04","","Bench Press (Barbell)",,"",0,"normal",65,11,,,
"Chest and Tricep","16 May 2024, 18:49","16 May 2024, 20:04","","Bench Press (Barbell)",,"",1,"normal",67.5,8,,,
"Chest and Tricep","16 May 2024, 18:49","16 May 2024, 20:04","","Bench Press (Barbell)",,"",2,"normal",67.5,7,,,
"Chest and Tricep","16 May 2024, 18:49","16 May 2024, 20:04","","Incline Bench Press (Dumbbell)",,"",0,"normal",25,9,,,
"Chest and Tricep","16 May 2024, 18:49","16 May 2024, 20:04","","Incline Bench Press (Dumbbell)",,"",1,"normal",22.5,9,,,
"Chest and Tricep","16 May 2024, 18:49","16 May 2024, 20:04","","Incline Bench Press (Dumbbell)",,"",2,"normal",22.5,8,,,
"Chest and Tricep","16 May 2024, 18:49","16 May 2024, 20:04","","Cable Fly Crossovers",,"",0,"normal",22.7,8,,,
"Chest and Tricep","16 May 2024, 18:49","16 May 2024, 20:04","","Cable Fly Crossovers",,"",1,"normal",22.7,10,,,
"Chest and Tricep","16 May 2024, 18:49","16 May 2024, 20:04","","Cable Fly Crossovers",,"",2,"normal",22.7,9,,,
"Supplement","15 May 2024, 19:31","15 May 2024, 20:22","","Bicep Curl (Barbell)",,"",0,"normal",35,10,,,
"Supplement","15 May 2024, 19:31","15 May 2024, 20:22","","Bicep Curl (Barbell)",,"",1,"normal",35,7,,,
"Supplement","15 May 2024, 19:31","15 May 2024, 20:22","","Bicep Curl (Barbell)",,"",2,"normal",35,6,,,
"Supplement","15 May 2024, 19:31","15 May 2024, 20:22","","Lateral Raise (Cable)",,"",0,"normal",22.7,11,,,
"Supplement","15 May 2024, 19:31","15 May 2024, 20:22","","Lateral Raise (Cable)",,"",1,"normal",22.7,10,,,
"Supplement","15 May 2024, 19:31","15 May 2024, 20:22","","Lateral Raise (Cable)",,"",2,"normal",22.7,9,,,
"Supplement","15 May 2024, 19:31","15 May 2024, 20:22","","Behind the Back Bicep Wrist Curl (Barbell)",,"",0,"normal",54.5,8,,,
"Supplement","15 May 2024, 19:31","15 May 2024, 20:22","","Behind the Back Bicep Wrist Curl (Barbell)",,"",1,"normal",59.1,7,,,
"Supplement","15 May 2024, 19:31","15 May 2024, 20:22","","Behind the Back Bicep Wrist Curl (Barbell)",,"",2,"normal",63.6,8,,,
"Back and Bicep","13 May 2024, 19:50","13 May 2024, 20:52","","Chin Up",,"",0,"normal",,7,,,
"Back and Bicep","13 May 2024, 19:50","13 May 2024, 20:52","","Chin Up",,"",1,"normal",,7,,,
"Back and Bicep","13 May 2024, 19:50","13 May 2024, 20:52","","Chin Up",,"",2,"normal",,6,,,
"Back and Bicep","13 May 2024, 19:50","13 May 2024, 20:52","","Iso-Lateral Row (Machine)",,"",0,"normal",30,9,,,
"Back and Bicep","13 May 2024, 19:50","13 May 2024, 20:52","","Iso-Lateral Row (Machine)",,"",1,"normal",30,9,,,
"Back and Bicep","13 May 2024, 19:50","13 May 2024, 20:52","","Iso-Lateral Row (Machine)",,"",2,"normal",30,9,,,
"Back and Bicep","13 May 2024, 19:50","13 May 2024, 20:52","","Lat Pulldown (Cable)",,"",0,"normal",72,9,,,
"Back and Bicep","13 May 2024, 19:50","13 May 2024, 20:52","","Lat Pulldown (Cable)",,"",1,"normal",72,8,,,
"Back and Bicep","13 May 2024, 19:50","13 May 2024, 20:52","","Hammer Curl (Dumbbell)",,"",0,"normal",17.5,10,,,
"Back and Bicep","13 May 2024, 19:50","13 May 2024, 20:52","","Hammer Curl (Dumbbell)",,"",1,"normal",17.5,7,,,
"Chest and Tricep","12 May 2024, 19:32","12 May 2024, 20:13","","Bench Press (Barbell)",,"",0,"normal",65,11,,,
"Chest and Tricep","12 May 2024, 19:32","12 May 2024, 20:13","","Bench Press (Barbell)",,"",1,"normal",65,8,,,
"Chest and Tricep","12 May 2024, 19:32","12 May 2024, 20:13","","Bench Press (Barbell)",,"",2,"normal",65,7,,,
"Chest and Tricep","12 May 2024, 19:32","12 May 2024, 20:13","","Triceps Dip",,"",0,"normal",,4,,,
"Chest and Tricep","12 May 2024, 19:32","12 May 2024, 20:13","","Triceps Dip",,"",1,"normal",,6,,,
"Chest and Tricep","12 May 2024, 19:32","12 May 2024, 20:13","","Triceps Dip",,"",2,"normal",,6,,,
"Chest and Tricep","12 May 2024, 19:32","12 May 2024, 20:13","","Incline Bench Press (Dumbbell)",,"",0,"normal",25,7,,,
"Chest and Tricep","12 May 2024, 19:32","12 May 2024, 20:13","","Incline Bench Press (Dumbbell)",,"",1,"normal",22.5,6,,,
"Chest and Tricep","12 May 2024, 19:32","12 May 2024, 20:13","","Incline Bench Press (Dumbbell)",,"",2,"normal",22.5,7,,,
"Chest and Tricep","12 May 2024, 19:32","12 May 2024, 20:13","","Triceps Rope Pushdown",,"",0,"normal",50,5,,,
"Chest and Tricep","12 May 2024, 19:32","12 May 2024, 20:13","","Triceps Rope Pushdown",,"",1,"normal",45.5,5,,,